"","tSNE1","tSNE2","Proneural","Neural","Classical","Mesenchymal","Patient"
"MGH26_A02",6.48700348885797,7.35047402385714,-0.0112074837311611,0.235255183498694,-0.0567429722680455,-0.167304727499487,"MGH26"
"MGH26_A03",0.209605406999626,7.8396590742018,0.159223293031657,-0.17282370447883,0.077541498079394,-0.0639410866322215,"MGH26"
"MGH26_A05",2.21427321809561,9.78062349822779,0.035474429053328,-0.108064399200268,0.189269917531323,-0.116679947384383,"MGH26"
"MGH26_A07",2.99546556620041,6.39984398079208,0.168886279338027,-0.079377274165677,-0.0237711595060619,-0.0657378456662885,"MGH26"
"MGH26_A08",5.30445889192727,6.03268448846903,0.147478808985196,0.143883850816867,-0.137551288117916,-0.153811371684147,"MGH26"
"MGH26_A09",4.61954518823396,9.4273887492818,-0.0755265187889134,-0.0357926768146617,0.238401576564758,-0.127082380961183,"MGH26"
"MGH26_A12",1.95166927590653,6.20879584539514,0.0618945452350104,-0.0785865159323601,0.0409524690384082,-0.0242604983410586,"MGH26"
"MGH26_B01",5.92403677151491,9.54652123385409,-0.0824990383169452,0.00157097710192344,0.140981028172987,-0.0600529669579649,"MGH26"
"MGH26_B02",2.57900890663939,5.6193786665012,0.0795695600197823,-0.0544898379828588,0.0204577230647174,-0.0455374451016408,"MGH26"
"MGH26_B05",-1.48515216490158,3.52527719722662,0.00751118935653383,-0.0895355599829126,0.0175118318894063,0.0645125387369725,"MGH26"
"MGH26_B06",-1.40017790700286,3.74261543101202,0.00751118935653383,-0.0895355599829126,0.0175118318894063,0.0645125387369725,"MGH26"
"MGH26_B10",3.96872697243384,4.91199582052147,0.326708715044866,-0.0325045822920909,-0.140209932116048,-0.153994200636727,"MGH26"
"MGH26_B12",6.17630269532994,6.37820367104835,-0.00791550648494832,0.237536812043694,-0.0799276863310978,-0.149693619227647,"MGH26"
"MGH26_C01",3.8337590863026,8.90174696307377,-0.0533381342582783,-0.0346418240690141,0.224385176874534,-0.136405218547242,"MGH26"
"MGH26_C03",2.86756636596466,-0.156955190443849,-0.106484882477863,0.200459205033329,-0.199020881642406,0.105046559086941,"MGH26"
"MGH26_C05",3.11768801800561,6.08950530232293,0.0999789065052665,-0.0148225347871763,-0.0240889928590562,-0.061067378859034,"MGH26"
"MGH26_C12",2.8687719478059,7.53368387366977,0.211595539182793,-0.105912028240474,-0.0151095431871876,-0.0905739677551315,"MGH26"
"MGH26_D01",2.88715454699058,8.57911994538006,-0.00881706174543206,-0.0468703392667859,0.163268635631923,-0.107581234619705,"MGH26"
"MGH26_D03",5.12843696365863,7.96026759089388,-0.0239002444004501,-0.061340142796536,0.167821354955468,-0.0825809677584822,"MGH26"
"MGH26_D06",0.260488272546381,6.4358658875577,0.00940971191706863,-0.106562413645253,0.078700172654842,0.0184525290733422,"MGH26"
"MGH26_D07",1.3455751612532,6.28722477873173,0.0205995265357184,-0.109666998540577,0.0796922782845924,0.00937519372026663,"MGH26"
"MGH26_D08",1.39224607072369,5.59073872357496,0.0571999880288121,-0.085682179781983,0.0266221067729684,0.0018600849802024,"MGH26"
"MGH26_D10",4.6208833601211,9.54680409916826,-0.0755265187889134,-0.0357926768146617,0.238401576564758,-0.127082380961183,"MGH26"
"MGH26_E02",3.09903692225451,8.0930410847628,0.0364141282049102,-0.0786855234356052,0.133305413004515,-0.0910340177738204,"MGH26"
"MGH26_E04",7.50735151901576,6.88206423586601,-0.0201484901244319,0.272527979574682,-0.0913798405862872,-0.160999648863963,"MGH26"
"MGH26_E05",3.99148290972718,5.22383138674301,0.24386415503495,0.0154141217013368,-0.126480446439467,-0.132797830296819,"MGH26"
"MGH26_E06",3.51649481229225,7.38723032210627,0.120734501362331,-0.047448856062522,-0.0114335033494644,-0.0618521419503446,"MGH26"
"MGH26_E07",3.36443503200155,5.8293052318906,0.0999789065052665,-0.0148225347871763,-0.0240889928590562,-0.061067378859034,"MGH26"
"MGH26_E08",1.34094140802992,7.51939448005155,0.301711885341504,-0.209695675937193,0.0234090113440752,-0.115425220748387,"MGH26"
"MGH26_E10",4.69890698098555,8.4633330470041,-0.0905318326665813,-0.0312298980244395,0.248482327671764,-0.126720596980743,"MGH26"
"MGH26_E12",4.00865570283621,9.11910511821151,-0.0871628099188799,-0.0229535727646746,0.249620885318159,-0.139504502634604,"MGH26"
"MGH26_F02",4.35995767582066,10.1810645270559,-0.0755265187889134,-0.0357926768146617,0.238401576564758,-0.127082380961183,"MGH26"
"MGH26_F05",3.21909758061789,4.95115193028577,0.243414482615902,-0.0244156818032464,-0.116572052619165,-0.10242674819349,"MGH26"
"MGH26_F08",1.02264162412898,7.36748523920267,0.210847853821357,-0.176096523761787,0.0419581284239423,-0.0767094584835123,"MGH26"
"MGH26_F09",2.45262577348669,7.58468128014635,0.192649389057814,-0.114416443687686,0.00672643795542882,-0.0849593833255574,"MGH26"
"MGH26_F10",3.96634329624306,5.79270557263963,0.195125661678996,0.0310330334406201,-0.126191114904181,-0.0999675802154354,"MGH26"
"MGH26_F11",5.64823187499957,8.66236124607222,-0.00783292373544497,-0.0550378934552503,0.11644670997508,-0.0535758927843843,"MGH26"
"MGH26_F12",2.13080418266014,7.37719212042549,0.276258405015341,-0.167223438312045,0.00286713719991027,-0.111902103903207,"MGH26"
"MGH26_G01",2.34194543260768,8.34218477403427,0.0829333961780132,-0.0913598956705626,0.102037725112764,-0.0936112256202147,"MGH26"
"MGH26_G02",4.16072558663212,7.40537629295696,0.0336050614929295,-0.0720088085529998,0.136565066809043,-0.0981613197489728,"MGH26"
"MGH26_G03",1.22131308894707,9.13327654165627,0.127283810729786,-0.156077886604026,0.156547576551139,-0.127753500676899,"MGH26"
"MGH26_G06",6.13480441944033,7.8937877764326,-0.00193040846657366,0.0148371080979426,0.0479188772801282,-0.0608255769114971,"MGH26"
"MGH26_G09",1.16486008000426,7.87259784891835,0.162513080402146,-0.148013481974212,0.0698777838815254,-0.0843773823094593,"MGH26"
"MGH26_G10",2.98644941000375,8.97766597982961,-0.034899998447539,-0.0511037857132474,0.191751110068424,-0.105747325907637,"MGH26"
"MGH26_G11",3.48533273219951,8.4390522519222,-0.034899998447539,-0.0511037857132474,0.191751110068424,-0.105747325907637,"MGH26"
"MGH26_G12",0.118295283766407,-1.38165249831051,-0.0502400432755145,0.0272228540665949,-0.126823354418597,0.149840543627517,"MGH26"
"MGH26_H01",4.99683134339,8.31784207152903,-0.0777218333778297,-0.0164851300823022,0.169889518078266,-0.0756825546181338,"MGH26"
"MGH26_H02",1.98707604440812,8.51315585204933,0.105036743457771,-0.129670459420756,0.143662857374274,-0.119029141411289,"MGH26"
"MGH26_H05",4.19004500114085,5.1590927603425,0.267997089159936,0.0106335313449304,-0.13445930237054,-0.144171318134326,"MGH26"
"MGH26_H07",0.482578317720111,5.49847759658521,0.0233556266592121,-0.0934446151961469,0.0376023640879979,0.0324866244489368,"MGH26"
"MGH26_H08",3.30103052298893,4.74029613958834,0.326708715044866,-0.0325045822920909,-0.140209932116048,-0.153994200636727,"MGH26"
"MGH26_H11",3.20232743932426,7.14477639570515,0.234391530696257,-0.120357482593948,-0.0182464732445774,-0.0957875748577324,"MGH26"
"MGH26_H12",2.3718304187588,3.1585823000088,0.387345643868974,-0.107301535772143,-0.137169911461516,-0.142874196635315,"MGH26"
"MGH28_A01",-11.1629455693088,3.50206967436516,-0.0740177805802354,-0.0349829759864633,-0.00990890141548029,0.118909657982179,"MGH28"
"MGH28_A02",-12.8214933526374,10.4318417601732,-0.0888533684428876,0.0653135110078111,-0.0454386877990134,0.0689785452340899,"MGH28"
"MGH28_A03",-9.41687999009108,7.96397474469479,-0.0130011039457161,-0.0585216298955076,0.130850792985049,-0.0593280591438251,"MGH28"
"MGH28_A04",-12.6097481778262,9.26641177826878,-0.0932121066527353,0.0634109244980017,-0.0592485588156875,0.0890497409704212,"MGH28"
"MGH28_A05",-15.691399762761,5.48553541155577,-0.133045482201454,-0.0504189786768289,0.0127825870636371,0.170681873814646,"MGH28"
"MGH28_A06",-6.29566696353068,-0.0511036428390546,-0.100946577317766,-0.119647731209563,-0.121595358390732,0.342189666918061,"MGH28"
"MGH28_A07",-10.0100320506227,8.81531369319596,-0.00471773831639155,-0.0108479181927861,0.0337004951952691,-0.0181348386860914,"MGH28"
"MGH28_A08",-12.7300398547964,2.90603652889366,-0.0925711877453722,-0.123215119767892,-0.0401714572892097,0.255957764802474,"MGH28"
"MGH28_A09",-11.1860265367182,1.81126997500382,-0.173857842829535,-0.189170236021725,-0.0736682729443355,0.436696351795596,"MGH28"
"MGH28_A10",-14.4427570393301,2.41425871640018,-0.189986967949552,-0.0146136699758715,0.0144678851393902,0.190132752786033,"MGH28"
"MGH28_A11",-9.47326780901508,5.70060182887996,0.0406732021776361,-0.134427840999828,0.128720152332018,-0.0349655135098264,"MGH28"
"MGH28_A12",-14.3449540434208,6.17040517762542,-0.117738873780914,-0.0304606401210212,0.0524570507436117,0.0957424631583237,"MGH28"
"MGH28_B01",-14.1647168591481,4.33064483982949,-0.100342860156378,-0.0576173176513014,-0.00540427014431744,0.163364447951997,"MGH28"
"MGH28_B02",-13.0607451729125,9.59362642868906,-0.0763505925060403,0.0670532187829904,-0.0798393749334518,0.0891367486565016,"MGH28"
"MGH28_B03",-13.0124825801605,3.48638685012497,-0.107411132824481,-0.0852057483084987,-0.0607213423445602,0.25333822347754,"MGH28"
"MGH28_B04",-11.4297154839915,4.64164791677325,-0.0935430036494124,-0.0125855878726635,-0.0158212314685992,0.121949822990675,"MGH28"
"MGH28_B05",-15.1327159018994,3.37482264631038,-0.154185798937659,-0.0743706875811082,0.0723711158856069,0.15618537063316,"MGH28"
"MGH28_B06",-8.74453639165482,2.15786780095651,-0.132781290191484,-0.0907159037323007,-0.131136076669152,0.354633270592936,"MGH28"
"MGH28_B07",-12.7667510113008,3.02127301147029,-0.0925711877453722,-0.123215119767892,-0.0401714572892097,0.255957764802474,"MGH28"
"MGH28_B08",-13.0236325128172,7.44935372182206,-0.149701563533251,-0.0516401768119608,-0.0457458723693764,0.247087612714588,"MGH28"
"MGH28_B09",-4.69018717010713,0.585045935103849,-0.00790466872841433,-0.116804650695371,-0.0640915050002798,0.188800824424065,"MGH28"
"MGH28_B10",-13.1797736716817,0.671779573523648,-0.171867021191237,-0.152089792330397,-0.0435832405530842,0.367540054074718,"MGH28"
"MGH28_B11",-9.61005157176363,1.31213303257143,-0.154858626261432,-0.0619306137772669,-0.118736597938323,0.335525837977022,"MGH28"
"MGH28_B12",-12.0123974639985,6.87584780849957,-0.166010405509699,-0.0961412040658657,0.00864029132669986,0.253511318248865,"MGH28"
"MGH28_C01",-10.9374852398198,-0.832193052473405,-0.0822862412112284,-0.0910346488520801,-0.108744284654216,0.282065174717525,"MGH28"
"MGH28_C02",-11.8980584036951,4.41650233255786,-0.109909819277752,0.0150836401620842,0.0193201948145332,0.0755059843011341,"MGH28"
"MGH28_C03",-14.822905642029,3.28854095653459,-0.150459946132487,-0.0414801262973975,0.0629433894428508,0.128996682987033,"MGH28"
"MGH28_C04",-10.1469490028254,7.7395999236915,-0.019442776708772,-0.0653625050548524,0.140643165816438,-0.0558378840528136,"MGH28"
"MGH28_C05",-12.2752095005902,10.1268338134081,-0.0969134485869756,0.0525023067998172,-0.0455688577543134,0.0899799995414718,"MGH28"
"MGH28_C06",-12.0746314918578,2.10840131077599,-0.145790352117774,-0.126289848573469,-0.104262750600204,0.376342951291447,"MGH28"
"MGH28_C07",-12.8766317546611,6.10302642144958,-0.115964317345497,-0.0269432229123282,0.0486654511148612,0.0942420891429641,"MGH28"
"MGH28_C08",-12.9260540515139,5.63823108789184,-0.115964317345497,-0.0269432229123282,0.0486654511148612,0.0942420891429641,"MGH28"
"MGH28_C09",-11.7566119237518,6.66297477672621,-0.154195497800711,-0.0890895192656188,0.0258215928471395,0.21746342421919,"MGH28"
"MGH28_C10",-11.8411632604099,6.07305554076012,-0.140587364021472,-0.085374473078249,0.00784924657397568,0.218112590525745,"MGH28"
"MGH28_C11",-13.050353641351,2.48643519878977,-0.167402517729713,-0.0892548261573342,-0.0526005830856283,0.309257926972676,"MGH28"
"MGH28_C12",-14.3078282207082,6.97734372495984,-0.117561128194668,-0.0178284847567195,-0.00190984891661439,0.137299461868002,"MGH28"
"MGH28_D01",-13.7664190545884,3.21085026054207,-0.100652896699044,-0.062244011302897,-0.0693434136952643,0.232240321697205,"MGH28"
"MGH28_D03",-11.1430495147937,1.321496896454,-0.134599481891916,-0.136310252878787,-0.0769292897668357,0.347839024537538,"MGH28"
"MGH28_D04",-13.7396727921174,9.10419554230482,-0.077949989057116,0.0624468072846978,-0.100127064796169,0.115630246568587,"MGH28"
"MGH28_D05",-11.8988449459452,2.82134761066227,-0.150074030325454,-0.0862929832406603,-0.0714148586889684,0.307781872255082,"MGH28"
"MGH28_D06",-7.11493297793465,-0.243057277798959,-0.0996115827746196,-0.093212379222899,-0.117338310266237,0.310162272263755,"MGH28"
"MGH28_D07",-12.8420686960117,6.38574050169337,-0.150116955754669,-0.062687187392798,0.030430792246648,0.182373350900819,"MGH28"
"MGH28_D08",-8.84674810554565,2.23283900137235,-0.132781290191484,-0.0907159037323007,-0.131136076669152,0.354633270592936,"MGH28"
"MGH28_D09",-8.71671707694357,0.12340241588485,-0.112519188565092,-0.106131561843826,-0.160203343238907,0.378854093647824,"MGH28"
"MGH28_D10",-11.8391888710953,9.78747112448062,-0.0973467128192543,0.0462976676330187,-0.0468129770768506,0.0978620222630864,"MGH28"
"MGH28_D11",-13.1635551340749,8.73897711578602,-0.0871881100044093,0.0506944685357185,-0.085806255295628,0.122299896764319,"MGH28"
"MGH28_D12",-10.5184066355574,4.26517538230245,-0.0494980575921177,-0.0827149534767179,0.0147229161090974,0.117490094959738,"MGH28"
"MGH28_E01",-4.84588268618056,0.0597825240435561,-0.00790466872841433,-0.116804650695371,-0.0640915050002798,0.188800824424065,"MGH28"
"MGH28_E02",-14.1313718817306,7.55015609316248,-0.0923306889372776,-0.0147332155849983,-0.0524165179911484,0.159480422513424,"MGH28"
"MGH28_E03",-10.6017538989141,6.28744321498094,-0.101291201650463,-0.101892796447988,0.137461342098083,0.0657226560003676,"MGH28"
"MGH28_E04",-13.3348928476323,5.77018438500088,-0.115964317345497,-0.0269432229123282,0.0486654511148612,0.0942420891429641,"MGH28"
"MGH28_E05",-13.8171535355908,4.52413071167973,-0.108016446720155,-0.0571328542417912,0.0250178248169037,0.140131476145043,"MGH28"
"MGH28_E06",-8.99704142219947,1.16051737376189,-0.130513204348451,-0.0734128508400209,-0.173354730942266,0.377280786130737,"MGH28"
"MGH28_E07",-12.8158758565358,7.62277057367537,-0.0990342149441581,-0.0540749223761272,-0.0588095705394202,0.211918707859706,"MGH28"
"MGH28_E08",-10.8693708042411,8.40007032786175,0.020553494664707,-0.0263510952260958,-0.0223856713288788,0.0281832718902675,"MGH28"
"MGH28_E09",-15.3387206407397,4.81769487340582,-0.110450006781104,-0.0544398511983996,0.0427197916985236,0.12217006628098,"MGH28"
"MGH28_E10",-10.2734960875918,0.764534413515465,-0.140974362679206,-0.0625730148776386,-0.0911483507992412,0.294695728356086,"MGH28"
"MGH28_E11",-13.0360089818683,1.64211310626621,-0.176887818798028,-0.144585322896613,-0.0265927086109928,0.348065850305633,"MGH28"
"MGH28_E12",-14.4610310424914,5.04190145976433,-0.1098445920384,-0.0641390828554952,-0.0226942311933662,0.196677906087261,"MGH28"
"MGH28_F01",-9.25209063614222,6.60285743587221,0.00421533678710939,-0.0991440759857619,0.166074885614923,-0.0711461464162698,"MGH28"
"MGH28_F02",-12.5581942447682,8.87231461736723,-0.0917602743394377,0.0405393515870602,-0.0707402307342797,0.121961153486657,"MGH28"
"MGH28_F03",-9.50682758718781,6.79004161234424,0.00635149558272841,-0.0848270170148439,0.150974909568621,-0.0724993881365055,"MGH28"
"MGH28_F04",-15.6251546452585,4.00334862233338,-0.156164196936926,-0.0392062921075791,0.0629807289979336,0.132389760046572,"MGH28"
"MGH28_F05",-7.58197603327957,5.48582618354059,0.0854434135457445,-0.0726244754161341,-0.0981417443424768,0.0853228062128666,"MGH28"
"MGH28_F06",-11.1774621568484,8.45867296162925,0.020553494664707,-0.0263510952260958,-0.0223856713288788,0.0281832718902675,"MGH28"
"MGH28_F07",-12.7070757739108,4.23752863046632,-0.108502438857964,-0.0465652311680301,0.0268478388564679,0.128219831169526,"MGH28"
"MGH28_F08",-6.69506261102198,4.61022208081591,0.0854434135457445,-0.0726244754161341,-0.0981417443424768,0.0853228062128666,"MGH28"
"MGH28_F09",-10.5656951071884,1.02782039517425,-0.14480468678529,-0.099127085640919,-0.077135630694208,0.321067403120417,"MGH28"
"MGH28_F11",-12.1125887372058,1.81744288682489,-0.180732329151102,-0.163445977905701,-0.0807442530190605,0.424922560075864,"MGH28"
"MGH28_F12",-10.4590901833317,1.15219825575696,-0.155824315477056,-0.0937788550563075,-0.0784728538749838,0.328076024408347,"MGH28"
"MGH28_G01",-15.7796799841922,5.56523224540198,-0.133045482201454,-0.0504189786768289,0.0127825870636371,0.170681873814646,"MGH28"
"MGH28_G02",-11.2733213712278,0.366557355394306,-0.108837919704705,-0.103152936512023,-0.0826435380710475,0.294634394287776,"MGH28"
"MGH28_G03",-11.3137134277356,8.58919054597081,-0.0203357286983964,0.0017680341763866,-0.0462765575386502,0.06484425206066,"MGH28"
"MGH28_G04",-11.2564206412953,5.3222349537379,-0.0931775522831505,-0.0095268701156499,0.0257101662588695,0.076994256139931,"MGH28"
"MGH28_G05",-13.2789324900624,8.58404656258714,-0.0871881100044093,0.0506944685357185,-0.085806255295628,0.122299896764319,"MGH28"
"MGH28_G06",-14.2930641258906,5.96943661757052,-0.117738873780914,-0.0304606401210212,0.0524570507436117,0.0957424631583237,"MGH28"
"MGH28_G07",-12.4797254402141,9.73944019634949,-0.088108591871961,0.058050006381998,-0.0611337865773917,0.0911923720673546,"MGH28"
"MGH28_G08",-3.51981450665074,0.701137156501492,-0.0207448833337248,-0.102000735366877,-0.103928552209196,0.226674170909797,"MGH28"
"MGH28_G09",-11.9397678712325,3.94034616799534,-0.135602197180319,-0.0225279149818154,0.0375258494441331,0.120604262718001,"MGH28"
"MGH28_G10",-10.3948059692742,-1.03284705003297,-0.101838488686543,-0.0770822204247843,-0.119505841241869,0.298426550353196,"MGH28"
"MGH28_G11",-8.55254176237386,5.19424179491043,0.0833682263924909,-0.0899253811605519,-0.067665581744898,0.0742227365129591,"MGH28"
"MGH28_G12",-13.8846571962527,4.29522480906853,-0.117298029297805,-0.0527634511195076,-0.0135896185277908,0.183651098945104,"MGH28"
"MGH28_H01",-13.5944510532995,3.27914646789952,-0.0943379269667606,-0.041681332092523,-0.0877197632077719,0.223739022267055,"MGH28"
"MGH28_H02",-11.6496954035351,0.284791496385963,-0.108837919704705,-0.103152936512023,-0.0826435380710475,0.294634394287776,"MGH28"
"MGH28_H03",-10.6228155007791,4.11786171160892,-0.0494980575921177,-0.0827149534767179,0.0147229161090974,0.117490094959738,"MGH28"
"MGH28_H04",-9.50927116622973,9.01769156693351,-0.00471773831639155,-0.0108479181927861,0.0337004951952691,-0.0181348386860914,"MGH28"
"MGH28_H05",-9.90940494010419,-0.899031902964282,-0.101838488686543,-0.0770822204247843,-0.119505841241869,0.298426550353196,"MGH28"
"MGH28_H06",-7.80748324148184,4.62541878187072,0.0854434135457445,-0.0726244754161341,-0.0981417443424768,0.0853228062128666,"MGH28"
"MGH28_H07",-10.8703862363369,0.0606220322460654,-0.0879666889071965,-0.0615559487807584,-0.0890261704180823,0.238548808106037,"MGH28"
"MGH28_H08",-9.86128376270844,3.18757941820589,-0.0604537800835911,-0.108107249095411,0.0273125369389335,0.141248492240068,"MGH28"
"MGH28_H09",-9.25251233831744,1.73679117764161,-0.132781290191484,-0.0907159037323007,-0.131136076669152,0.354633270592936,"MGH28"
"MGH28_H10",-12.5177875241446,5.26786277738931,-0.107003886794649,-0.0148422527170943,0.0771700956808894,0.0446760438308536,"MGH28"
"MGH28_H11",-7.61978263122231,5.3131811733762,0.0854434135457445,-0.0726244754161341,-0.0981417443424768,0.0853228062128666,"MGH28"
"MGH28_H12",-12.4319140800212,3.49726944073939,-0.0935181491854266,-0.0975523267995624,-0.0421281581763646,0.233198634161353,"MGH28"
"MGH29_A01",1.31294417205481,-11.2402785830685,-0.156784448191615,-0.0570852662818943,-0.261002444635284,0.474872159108794,"MGH29"
"MGH29_A02",0.534781315397586,-16.6810186327101,-0.0839525841874064,0.253961700336439,-0.241730287303456,0.0717211711544239,"MGH29"
"MGH29_A03",2.19468247030045,-18.6769496317033,-0.0187908011497591,0.136378826642517,-0.210838855860164,0.0932508303674062,"MGH29"
"MGH29_A04",2.33979461787935,-17.8234357518808,-0.00557695849818751,0.203057319296654,-0.212765513867414,0.0152851530689473,"MGH29"
"MGH29_A05",2.43524032016498,-16.7269070128258,-0.0279779899286794,0.181878024287594,-0.224216224554761,0.0703161901958467,"MGH29"
"MGH29_A06",-1.12744877197616,-15.710811065932,-0.0499764316076327,0.032916239563741,-0.184107710249883,0.201167902293775,"MGH29"
"MGH29_A07",1.20404170494815,-12.8855916961941,-0.0593216050306213,-0.0251178191891877,-0.220164606564286,0.304604030784095,"MGH29"
"MGH29_A08",0.772613322412484,-16.5373541268537,-0.0839525841874064,0.253961700336439,-0.241730287303456,0.0717211711544239,"MGH29"
"MGH29_A10",-0.522376688251829,-15.6048149005244,-0.120753740742913,0.063807250312889,-0.17668280265343,0.233629293083454,"MGH29"
"MGH29_A11",2.61459598289497,-14.1141216395181,-0.128488096765495,0.130207989555752,-0.237769136461013,0.236049243670756,"MGH29"
"MGH29_A12",-1.963683537268,-15.5465060675502,-0.0311226084385592,0.00618831821300825,-0.160118282552739,0.18505257277829,"MGH29"
"MGH29_B02",-2.50901113153115,-13.6859064502523,-0.0985509529261247,-0.0653483503875149,-0.162548045258298,0.326447348571938,"MGH29"
"MGH29_B03",1.69374603195471,-14.2220118369374,-0.110812705801613,0.0707363603044011,-0.2406749908193,0.280751336316513,"MGH29"
"MGH29_B04",4.00612978579693,-15.8870347912697,-0.098631148305516,0.180903197785609,-0.172435759978101,0.0901637104980089,"MGH29"
"MGH29_B05",-0.546340829699953,-16.6335327719843,0.0113768174235158,0.058783467061732,-0.182913817491079,0.112753533005831,"MGH29"
"MGH29_B06",3.18670500307833,-12.6602249827217,-0.160597052201194,0.0152253597450172,-0.22582333598675,0.371195028442927,"MGH29"
"MGH29_B08",1.97091390342925,-15.0947153040092,-0.132209964091091,0.284824588777789,-0.257239393498857,0.104624768812159,"MGH29"
"MGH29_B09",-0.441843146764419,-17.1943677251862,-0.0227574003075158,0.0798666197460016,-0.171291175949191,0.114181956510705,"MGH29"
"MGH29_B10",-0.633019678252198,-14.7318061821351,-0.0685251057594771,0.0257684836633842,-0.163178074690088,0.205934696786181,"MGH29"
"MGH29_B12",1.13539405329752,-11.1431420790979,-0.149306793935944,-0.0760616260879325,-0.262699433528447,0.488067853552324,"MGH29"
"MGH29_C01",-2.6691732001182,-10.2028652906681,-0.0561247996802207,-0.0900365417367698,-0.140881532890997,0.287042874307987,"MGH29"
"MGH29_C03",1.96917608682303,-17.5137998005633,-0.00557695849818751,0.203057319296654,-0.212765513867414,0.0152851530689473,"MGH29"
"MGH29_C04",0.843077090554348,-13.499201114226,-0.0855433162381639,-0.049140530871679,-0.225188067138807,0.35987191424865,"MGH29"
"MGH29_C07",1.42234271299023,-16.9400774001318,-0.0617517357732001,0.33630640914086,-0.275404590331708,0.000849916964048125,"MGH29"
"MGH29_C08",3.72730215192043,-15.962079328174,-0.098631148305516,0.180903197785609,-0.172435759978101,0.0901637104980089,"MGH29"
"MGH29_C09",0.140387872364871,-10.7927667680955,-0.197886457439035,-0.0770177018268162,-0.253102220594784,0.528006379860635,"MGH29"
"MGH29_C10",1.34372501057125,-11.1530483302214,-0.149306793935944,-0.0760616260879325,-0.262699433528447,0.488067853552324,"MGH29"
"MGH29_C11",-0.922175737267828,-17.2448304394169,0.0895925235530495,0.00666540422946338,-0.157773934649474,0.0615160068669616,"MGH29"
"MGH29_C12",-2.89727977175595,-11.8575443300373,-0.0885667702186402,-0.109628424405508,-0.153314880084121,0.351510074708269,"MGH29"
"MGH29_D02",-0.752621744068899,-13.7981944918183,-0.0949336949396965,-0.060243349850027,-0.201748643276995,0.356925688066719,"MGH29"
"MGH29_D03",0.192347956681825,-9.57097553070545,-0.183170014839011,-0.0846405250705339,-0.255723920524976,0.52353446043452,"MGH29"
"MGH29_D04",-0.321635742586169,-14.1326382339429,-0.0881721557534668,-0.0104323464116016,-0.194291333234249,0.292895835399317,"MGH29"
"MGH29_D05",-0.897980390129738,-9.2430542631015,-0.13552032842111,-0.0843254524238702,-0.233771875725906,0.453617656570886,"MGH29"
"MGH29_D07",1.79379684003313,-15.2302684280234,-0.132209964091091,0.284824588777789,-0.257239393498857,0.104624768812159,"MGH29"
"MGH29_D08",1.32212139606827,-15.9820028777739,-0.106138521106658,0.283778581499102,-0.245982303185178,0.0683422427927338,"MGH29"
"MGH29_D09",-2.0615125063884,-11.2604043210689,-0.0885667702186402,-0.109628424405508,-0.153314880084121,0.351510074708269,"MGH29"
"MGH29_D10",0.100341533432538,-13.1757421333821,-0.0876650400159328,-0.0715700985193296,-0.210386260519247,0.369621399054509,"MGH29"
"MGH29_D11",0.276589478067036,-15.9854924676997,-0.081079594188554,0.231770372887126,-0.233308516847049,0.0826177381484763,"MGH29"
"MGH29_D12",1.31947086129563,-10.2528730335512,-0.149542533198593,-0.109333203922545,-0.27012248493504,0.528998222056178,"MGH29"
"MGH29_E01",1.3320023436734,-14.452872988021,-0.0886942585011248,0.111266848451272,-0.249708584514028,0.22713599456388,"MGH29"
"MGH29_E02",0.296083462612918,-17.947416786265,-0.0670531752287445,0.0849339020290902,-0.208302514709985,0.190421787909639,"MGH29"
"MGH29_E03",-1.43136398607281,-11.645827686124,-0.128357659377257,-0.158698023169209,-0.2249370891088,0.511992771655266,"MGH29"
"MGH29_E04",-2.50746670192075,-10.5708219043523,-0.0561247996802207,-0.0900365417367698,-0.140881532890997,0.287042874307987,"MGH29"
"MGH29_E05",1.14942639907498,-13.8020447673908,-0.0469352945685251,-0.0279654304245227,-0.223224682753383,0.298125407746431,"MGH29"
"MGH29_E06",0.747192132706188,-8.97063371838173,-0.172277024863697,-0.0985947030903135,-0.266494681145212,0.537366409099223,"MGH29"
"MGH29_E07",0.0286707211533013,-15.2813136696686,-0.115057817873551,0.0663860410698109,-0.198878598627647,0.247550375431386,"MGH29"
"MGH29_E09",1.95443849216945,-14.5388918187642,-0.136880220685789,0.154439659414135,-0.240601901971258,0.223042463242912,"MGH29"
"MGH29_E12",-1.34124398391633,-16.4067408708133,0.0833859590923198,0.00216016176805978,-0.143555945272295,0.058009824411916,"MGH29"
"MGH29_F01",2.52654965880121,-14.8630104570984,-0.153894737200076,0.266914408310081,-0.237583625338588,0.124563954228583,"MGH29"
"MGH29_F02",2.01969414220144,-12.7000492722114,-0.123671093630493,-0.013886992720352,-0.2402781953087,0.377836281659544,"MGH29"
"MGH29_F03",0.957025688730319,-15.6038700164091,-0.0623484078971822,0.181263792922984,-0.253823322573485,0.134907937547683,"MGH29"
"MGH29_F04",2.13318550940044,-13.6398570192074,-0.125106863668323,0.0901888958179451,-0.242399453322202,0.277317421172581,"MGH29"
"MGH29_F05",1.16428230705042,-10.0625676187777,-0.174858951344644,-0.10232654310431,-0.265320574474229,0.542506068923183,"MGH29"
"MGH29_F06",0.101174577044078,-17.7584145922529,-0.0670531752287445,0.0849339020290902,-0.208302514709985,0.190421787909639,"MGH29"
"MGH29_F10",0.104417402721875,-9.96806825364784,-0.195434516233646,-0.0843181919616282,-0.255690024302884,0.535442732498158,"MGH29"
"MGH29_F11",1.50800841233135,-11.6612081255825,-0.156784448191615,-0.0570852662818943,-0.261002444635284,0.474872159108794,"MGH29"
"MGH29_F12",0.346042838160653,-16.5451396023607,-0.00663269610765926,0.209823662749862,-0.231973488012223,0.0287825213700206,"MGH29"
"MGH29_G03",0.139317649280111,-12.3916009846823,-0.107164318178062,-0.0546697841590192,-0.235409577759273,0.397243680096355,"MGH29"
"MGH29_G04",-1.53079043328048,-12.9559687689256,-0.13070382692075,-0.125294192132742,-0.227399114990525,0.483397134044017,"MGH29"
"MGH29_G06",0.160046065141059,-14.593324404903,-0.0670156426388449,0.0295940478454859,-0.182847670830156,0.220269265623515,"MGH29"
"MGH29_G07",-0.222721384664138,-10.8050494377345,-0.147784829815746,-0.0840031193149645,-0.233737979503814,0.465525928634524,"MGH29"
"MGH29_G08",4.1364330916126,0.101274000134369,-0.0876060815041573,0.126633789139972,-0.189911670047327,0.150883962411512,"MGH29"
"MGH29_G09",0.222259951891843,-15.281923027066,-0.0754168161694186,0.0489438679335923,-0.201199954408147,0.227672902643973,"MGH29"
"MGH29_G11",-0.484918807003847,-18.594480798794,-0.0670531752287445,0.0849339020290902,-0.208302514709985,0.190421787909639,"MGH29"
"MGH29_H01",2.66218074014628,-12.7985289152209,-0.149477017722577,0.0078861824430676,-0.234057726270481,0.37564856154999,"MGH29"
"MGH29_H02",-1.03922279148302,-10.2248781138338,-0.142691733994118,-0.102581661334629,-0.228336719502884,0.473610114831631,"MGH29"
"MGH29_H03",0.549323253492382,-18.4994483019368,-0.0670531752287445,0.0849339020290902,-0.208302514709985,0.190421787909639,"MGH29"
"MGH29_H04",-1.79571128215442,-14.914195357446,-0.0572264559164209,-0.0143849185058501,-0.149691325361355,0.221302699783626,"MGH29"
"MGH29_H05",-1.68562526864514,-17.2253938074142,0.0895925235530495,0.00666540422946338,-0.157773934649474,0.0615160068669616,"MGH29"
"MGH29_H06",1.79315444863004,-12.7926364531794,-0.123671093630493,-0.013886992720352,-0.2402781953087,0.377836281659544,"MGH29"
"MGH29_H07",0.820960453154245,-12.0131340374628,-0.179138261873367,-0.0480350824763197,-0.257287984514777,0.484461328864464,"MGH29"
"MGH29_H08",1.92088292516592,-16.0883611327028,-0.0837780221108532,0.241385085326798,-0.240543899197947,0.0829368359820017,"MGH29"
"MGH29_H10",0.40962438753428,-15.2298048593769,-0.113222964443203,0.111919950018645,-0.202839472523957,0.204142486948515,"MGH29"
"MGH29_H11",1.3306483258354,-15.033199465463,-0.131156156391258,0.23842488636167,-0.249546668126232,0.14227793815582,"MGH29"
"MGH29_H12",-0.470418413671352,-15.7933321669333,-0.0943596180497592,0.0426693527932762,-0.177537388232042,0.229227653488524,"MGH29"
"MGH30_A01",13.0968154241076,6.36417700508687,-0.0657679488633653,0.0725365365883033,0.0430685988552313,-0.0498371865801692,"MGH30"
"MGH30_A06",5.33018827588168,4.27100556915604,0.615798133040603,-0.170380014491078,-0.226422458872038,-0.218995659677486,"MGH30"
"MGH30_A07",13.5028342821783,11.6866900351948,-0.0598526551257049,-0.0403356527600859,0.0703146787747604,0.0298736291110302,"MGH30"
"MGH30_A08",-2.56965956683291,-5.6090944919365,-0.0301171127506471,-0.160584819256066,-0.0768298376774903,0.267531769684203,"MGH30"
"MGH30_A09",9.9523673145424,9.86736921971053,-0.0435449952709033,-0.0276894141209164,0.125331421539368,-0.0540970121475483,"MGH30"
"MGH30_A11",15.3640746527467,7.48541482071318,-0.110576161961166,0.0108074641067826,0.117497409971072,-0.0177287121166885,"MGH30"
"MGH30_A12",9.25777798061481,9.11198311286841,-0.0476144867398229,0.0238815748680092,0.0909343270383922,-0.0672014151665785,"MGH30"
"MGH30_B02",13.2967310456041,3.27156119254297,-0.0820536484005441,0.216650356858658,-0.0958264391853286,-0.0387702692727852,"MGH30"
"MGH30_B03",15.4363773370791,9.19434808138492,-0.0838062704035959,-0.0882575211618145,0.19456044509977,-0.0224966535343591,"MGH30"
"MGH30_B05",13.2743654300008,7.04797604479091,-0.0484614737958323,0.0311787910784886,0.0714196166031034,-0.0541369338857597,"MGH30"
"MGH30_B06",-9.47599378313162,-1.47478556744308,-0.103539175228667,-0.0843769307035286,-0.129384397272761,0.317300503204957,"MGH30"
"MGH30_B07",15.2015687341272,8.10521136956014,-0.0433926032130849,0.0108876071286108,0.0548034556968746,-0.0222984596124005,"MGH30"
"MGH30_B08",3.97375118248452,3.51650379006619,0.476415323604025,-0.132117776943392,-0.195177441083378,-0.149120105577255,"MGH30"
"MGH30_B09",14.7496313818628,8.12573208609195,-0.0520392863376848,-0.00202954263527,0.10072868815111,-0.0466598591781555,"MGH30"
"MGH30_B10",14.006367462466,9.62105829502649,-0.0536596800099712,-0.0934362223855072,0.167036372734376,-0.0199404703388982,"MGH30"
"MGH30_B12",14.5470521235372,5.85757601865393,-0.149353429501924,0.138016402883202,0.102284697819266,-0.0909476712005437,"MGH30"
"MGH30_C01",15.6927681159685,7.15768296217867,-0.161359344287592,0.0500074441358951,0.138694789328745,-0.0273428891770481,"MGH30"
"MGH30_C05",12.8784084654362,7.15616917583191,-0.0484614737958323,0.0311787910784886,0.0714196166031034,-0.0541369338857597,"MGH30"
"MGH30_C06",14.1167984698603,7.41081382284692,-0.046137992222296,-0.0162591497503907,0.100276937383368,-0.0378797954106813,"MGH30"
"MGH30_C07",14.9905795813099,7.01605033332417,-0.129903451941005,-0.0198084201127923,0.162667659347361,-0.0129557872935638,"MGH30"
"MGH30_C08",11.0963158613931,5.6152685488865,-0.0295023070967825,0.0227045816588429,0.0394446831497102,-0.0326469577117706,"MGH30"
"MGH30_C09",13.1737267794706,3.82837444927828,-0.0820536484005441,0.216650356858658,-0.0958264391853286,-0.0387702692727852,"MGH30"
"MGH30_C10",2.47383277666187,-11.5379791204854,-0.149156781466332,-0.00334482320805884,-0.234462349038356,0.386963953712747,"MGH30"
"MGH30_C11",11.8429639862998,6.06285984442987,-0.00109682845019166,0.0407269792211531,-0.0103901281013729,-0.0292400226695886,"MGH30"
"MGH30_C12",3.13486607548072,-0.99325260434002,-0.118945808973867,0.103377644933937,-0.196789897492434,0.212358061532364,"MGH30"
"MGH30_D01",9.90959745723812,9.89858593741554,-0.0435449952709033,-0.0276894141209164,0.125331421539368,-0.0540970121475483,"MGH30"
"MGH30_D02",16.6591478729912,8.69985047473518,-0.147187392600776,0.0440003221413301,0.118778419700189,-0.0155913492407432,"MGH30"
"MGH30_D03",10.4322655171522,5.8180136392554,-0.0783075482184112,0.105520800523799,0.0238498205912152,-0.0510630728966027,"MGH30"
"MGH30_D04",15.6727081931963,10.2508246795509,-0.105655745863006,-0.0742890888755899,0.242397621332525,-0.0624527865939286,"MGH30"
"MGH30_D05",13.3909972681534,5.78752086062095,-0.0569323361313058,0.0881205390954054,0.0117687572085254,-0.042956960172625,"MGH30"
"MGH30_D06",12.0262244004065,6.86672225129225,-0.0163080083775839,-0.0364634925976111,0.0768973287305776,-0.0241258277553825,"MGH30"
"MGH30_D07",16.5860623643637,8.54314693680826,-0.181197170831259,0.0910884384790027,0.146925858020849,-0.0568171256685931,"MGH30"
"MGH30_D08",12.6717293290971,9.97323805938319,-0.0561649470611397,-0.0517319391286685,0.134151017291851,-0.0262541311020426,"MGH30"
"MGH30_D09",4.13629579684892,4.10661720788558,0.476415323604025,-0.132117776943392,-0.195177441083378,-0.149120105577255,"MGH30"
"MGH30_D10",12.5655339126111,6.02744422020797,0.0179480107687133,0.0122903172381941,-0.011989478758073,-0.0182488492488343,"MGH30"
"MGH30_D11",12.9043427382294,8.76105848546941,-0.0814143703669786,-0.0811581583324495,0.22510477777026,-0.0625322490708322,"MGH30"
"MGH30_D12",14.3142062542632,4.61679994520316,-0.105471836788725,0.249213211193099,-0.0859501193815713,-0.0577912550228025,"MGH30"
"MGH30_E01",15.5786945457783,8.42010892476948,-0.0505643018782261,-0.000847079810056939,0.0850108826534393,-0.0335995009651562,"MGH30"
"MGH30_E05",14.9608974485137,8.33104895517622,-0.0520392863376848,-0.00202954263527,0.10072868815111,-0.0466598591781555,"MGH30"
"MGH30_E07",17.5579229144172,8.11349852115818,-0.208331065409331,0.1187968827841,0.143375259825629,-0.0538410772003978,"MGH30"
"MGH30_E08",16.1514732163453,6.24939166242642,-0.166315799538606,0.0685036454575754,0.153041335434008,-0.0552291813529777,"MGH30"
"MGH30_E09",13.7574329272999,8.56963120048611,-0.0774031550091374,-0.104945138448322,0.248474168237152,-0.0661258747796925,"MGH30"
"MGH30_E11",5.04788747994666,4.35774768662119,0.615798133040603,-0.170380014491078,-0.226422458872038,-0.218995659677486,"MGH30"
"MGH30_E12",13.7075370114863,9.1758306156727,-0.0521537317032985,-0.0755189192445407,0.157520407758742,-0.0298477568109028,"MGH30"
"MGH30_F01",10.7869360913098,5.23571180555842,-0.075547298652502,0.0754337155581515,0.0335388399458811,-0.0334252568515306,"MGH30"
"MGH30_F02",13.7303160143545,11.6664106408667,-0.0598526551257049,-0.0403356527600859,0.0703146787747604,0.0298736291110302,"MGH30"
"MGH30_F03",17.142342370755,9.00136347875929,-0.162888532536667,0.131937134027823,0.0577827183266728,-0.0268313198178287,"MGH30"
"MGH30_F06",16.9653515979012,8.14703238912598,-0.202871041256638,0.130909343777093,0.152893408292346,-0.0809317108128007,"MGH30"
"MGH30_F08",12.2290925465908,7.65283413591096,-0.0617047469838885,-0.00630030080363464,0.110393652384758,-0.0423886045972344,"MGH30"
"MGH30_F09",10.68201633112,7.63091400662527,-0.0580532180682261,0.0119604586506283,0.096282844683087,-0.0501900852654892,"MGH30"
"MGH30_F10",12.7911162885676,6.84196950376104,-0.0339195085610348,-0.009165502211954,0.0834106293507018,-0.040325618577713,"MGH30"
"MGH30_F11",16.861557347112,6.85082471686291,-0.186746932355689,0.0609580166177783,0.195991325264574,-0.0702024095266636,"MGH30"
"MGH30_F12",14.6062064671711,10.1766813510826,-0.0875771778772021,-0.0563890539443049,0.198536869014836,-0.0545706371933289,"MGH30"
"MGH30_G01",14.4615151919815,6.598600552838,-0.114577008665336,0.069053877466964,0.102582182273205,-0.0570590510748331,"MGH30"
"MGH30_G04",14.0334870489248,4.86984670071596,-0.135934095179983,0.285405682254054,-0.0528245316555476,-0.0966470554185229,"MGH30"
"MGH30_G05",15.6122840964511,7.19499706691956,-0.110576161961166,0.0108074641067826,0.117497409971072,-0.0177287121166885,"MGH30"
"MGH30_G06",12.0241761594769,7.59320855855717,-0.0617047469838885,-0.00630030080363464,0.110393652384758,-0.0423886045972344,"MGH30"
"MGH30_G07",13.5109661524485,6.78412933424602,-0.0237156351366898,0.00843419730680206,0.0485172131507703,-0.0332357753208824,"MGH30"
"MGH30_G08",-1.35077348105188,-0.123264472134159,0.0706652267476831,-0.0280408648370933,-0.0814149484257084,0.0387905865151186,"MGH30"
"MGH30_G09",17.0950528779086,7.75940060147656,-0.200958986507691,0.114698637385102,0.17457408265291,-0.0883137335303209,"MGH30"
"MGH30_G10",10.9151733015968,5.33776465809631,-0.075547298652502,0.0754337155581515,0.0335388399458811,-0.0334252568515306,"MGH30"
"MGH30_G11",14.6606475174097,9.04161010610998,-0.057246889759167,-0.0804869235528501,0.164971721877511,-0.0272379085654935,"MGH30"
"MGH30_H02",11.9388090435444,4.86037532286644,-0.0660814391273337,0.0812509951507752,0.0269871354711766,-0.0421566914946181,"MGH30"
"MGH30_H03",13.2222136891027,8.25390651297871,-0.0746415084754866,-0.0520215687591689,0.206006226950872,-0.079343149716216,"MGH30"
"MGH30_H04",13.0239613060406,4.27197982873165,-0.0844059907350202,0.226245555919809,-0.099410150443385,-0.0424294147414042,"MGH30"
"MGH30_H05",13.42439636374,7.38556729314755,-0.0397187993934706,0.0218654084713588,0.0707402937130466,-0.0528869027909347,"MGH30"
"MGH30_H06",16.2331108173931,9.52186249508967,-0.110542487625794,0.0117656623148468,0.139720846882517,-0.0409440215715691,"MGH30"
"MGH30_H07",12.4963967566463,5.76999736127585,0.0179480107687133,0.0122903172381941,-0.011989478758073,-0.0182488492488343,"MGH30"
"MGH30_H08",8.98885183741648,6.49972237105687,-0.0864224674560153,0.250214613437587,-0.0489475638877684,-0.114844582093803,"MGH30"
"MGH30_H09",9.48055676051182,5.87804786231593,-0.0838394904535242,0.165728081015075,-0.0373838091659392,-0.0445047813956118,"MGH30"
"MGH30_H10",14.793371876449,8.94588524764562,-0.0591087097288411,-0.0603927024802551,0.164974946047426,-0.0454735338383294,"MGH30"
"MGH30_H11",12.4572806337955,5.91300842882037,0.0179480107687133,0.0122903172381941,-0.011989478758073,-0.0182488492488343,"MGH30"
"MGH30_H12",15.7970433477736,4.65789645092545,-0.122313462070657,0.139857470736743,-0.00184501760707168,-0.0156989910590147,"MGH30"
"MGH31_A02",2.82380456211402,-7.77183923294863,-0.226796584505943,-0.146716452832716,-0.234533085042348,0.608046122381007,"MGH31"
"MGH31_A03",-1.62281760175755,-4.29376275245651,-0.0905962655115506,0.00685815775434961,-0.0829574552261,0.166695562983301,"MGH31"
"MGH31_A04",1.41980448391072,-0.784385985052014,-0.103841751040565,0.0817564796847958,-0.196159920619729,0.218245191975498,"MGH31"
"MGH31_A05",-0.091738873322693,-7.11869701152414,-0.136732585228638,-0.0095442602631377,-0.168680677627106,0.314957523118881,"MGH31"
"MGH31_A06",3.42806928220655,-3.88060893600318,-0.0670354255022955,-0.1649517844025,0.0722740903158754,0.15971311958892,"MGH31"
"MGH31_A07",-2.21967484809991,-1.25943596488049,0.137947058853168,-0.077668012267428,-0.0875008135780913,0.0272217669923516,"MGH31"
"MGH31_A08",2.07116678303958,-0.445191078848766,-0.103841751040565,0.0817564796847958,-0.196159920619729,0.218245191975498,"MGH31"
"MGH31_A10",-2.14383649455334,-1.13969646296333,0.120782319287596,-0.0714981461793319,-0.0866647652809291,0.0373805921726647,"MGH31"
"MGH31_A11",-2.44533221014968,-2.68851589779834,-0.0384753381137173,-0.0479798644610216,-0.0291412490295486,0.115596451604288,"MGH31"
"MGH31_B01",-1.51633283418291,-3.32075284865295,-0.0869238653814423,-0.0160770445705727,-0.0499443324837843,0.152945242435799,"MGH31"
"MGH31_B02",5.74634642186526,3.85199038072206,0.586868202609892,-0.192749715748274,-0.217604581179282,-0.176513905682336,"MGH31"
"MGH31_B04",2.24548899969998,-4.15829941235564,-0.0144190554372462,-0.0975722417508326,-0.137977164476505,0.249968461664584,"MGH31"
"MGH31_B05",2.91055719573145,0.0646711633006374,-0.102997159443075,0.17586251821631,-0.21234717681528,0.139481818042046,"MGH31"
"MGH31_B06",-2.41190186438495,-2.88912635915957,-0.0347367302681998,-0.0366817233224694,-0.0415755591113557,0.112994012702025,"MGH31"
"MGH31_B07",2.16675388502636,-0.0885827559974299,-0.100256324063572,0.0880299683499142,-0.217094191573682,0.22932054728734,"MGH31"
"MGH31_B08",-2.07704154342872,-3.99877341491801,-0.0399746626403195,-0.0172051452512058,-0.066730726840708,0.123910534732233,"MGH31"
"MGH31_B09",-2.97302169557022,-4.75170562873186,0.0282896508697716,-0.0964786391720341,-0.073211570368769,0.141400558671032,"MGH31"
"MGH31_B10",0.79216139483264,-3.32016830994267,-0.11180193321673,0.0268737404070807,-0.100232538618505,0.185160731428155,"MGH31"
"MGH31_C02",-0.315061414605464,-6.62797238196061,-0.131432515297283,-0.027042007425728,-0.157949543652701,0.316424066375712,"MGH31"
"MGH31_C03",4.07424959560681,-3.82610663526388,-0.0214804467526032,-0.143823220800417,0.142661118306535,0.0226425492464848,"MGH31"
"MGH31_C04",2.66798145726632,-6.42780154851839,-0.158397821326947,-0.0713187598888805,-0.23225576715861,0.461972348374437,"MGH31"
"MGH31_C05",-4.35300482881691,-2.08721613448649,-0.0189611312661639,-0.0694045355355962,-0.114009474954664,0.202375141756424,"MGH31"
"MGH31_C06",-4.60144985420862,-3.84912916820072,-0.00651194251944731,-0.0142725405815578,-0.080912923194814,0.101697406295819,"MGH31"
"MGH31_C07",-2.430671357623,-4.38053463507969,0.0190318977836728,-0.0570298803803295,-0.0727799473495803,0.110777929946237,"MGH31"
"MGH31_C09",0.051161747329731,-3.10412036119235,-0.0933869746787133,0.0235286053294406,-0.085340252894723,0.155198622243996,"MGH31"
"MGH31_C10",-0.273867441117617,-5.68219318573168,-0.131432515297283,-0.027042007425728,-0.157949543652701,0.316424066375712,"MGH31"
"MGH31_C11",-0.562877107473391,-2.36610854722503,-0.0773642422208394,0.0106056469006839,-0.0617408297807902,0.128499425100946,"MGH31"
"MGH31_D01",10.2363722470968,3.72917509556875,-0.0848877167075802,0.0694845351574442,0.0222977337481878,-0.0068945521980518,"MGH31"
"MGH31_D02",-0.701734618009219,-0.389230770159556,0.00433970387213911,-0.0129744338096581,-0.0773656727662259,0.0860004027037449,"MGH31"
"MGH31_D05",-2.21477787121729,-2.88243132495695,-0.0347367302681998,-0.0366817233224694,-0.0415755591113557,0.112994012702025,"MGH31"
"MGH31_D07",-2.76314586490351,0.878035643352787,0.0226666800143989,-0.0661415950346038,-0.0599261664744902,0.103401081494695,"MGH31"
"MGH31_D09",-1.51146510949672,-2.42705185758284,-0.0518257406595062,-0.0382035224591054,-0.017464984629881,0.107494247748493,"MGH31"
"MGH31_D10",-0.324984964735846,-5.7292749944497,-0.131432515297283,-0.027042007425728,-0.157949543652701,0.316424066375712,"MGH31"
"MGH31_D11",2.10787431230251,-6.53182395188594,-0.158397821326947,-0.0713187598888805,-0.23225576715861,0.461972348374437,"MGH31"
"MGH31_D12",-2.41558209731892,-5.28806666513806,-0.0312378375112359,-0.101386367250596,-0.0741605590082728,0.206784763770104,"MGH31"
"MGH31_E01",-1.66821009317508,2.2668625961418,-0.088405464059888,-0.0438128366786869,-0.00501756293673239,0.137235863675307,"MGH31"
"MGH31_E02",-3.01436939546183,0.302720584215199,0.00223305199784529,-0.0718764997081334,-0.0654483341959483,0.135091781906236,"MGH31"
"MGH31_E03",-0.390686335372533,-4.49634697893111,-0.130672740160517,-0.0353755067259218,-0.125428725383416,0.291476972269854,"MGH31"
"MGH31_E04",2.88737754263382,-0.00309702981579786,-0.102997159443075,0.17586251821631,-0.21234717681528,0.139481818042046,"MGH31"
"MGH31_E05",2.75957790043153,-5.27785141347284,-0.127861945785236,-0.0613122385893158,-0.181516671211919,0.370690855586471,"MGH31"
"MGH31_E08",0.497993051872281,-2.1392432502278,-0.107366411950165,0.0290447044218318,-0.10420843469985,0.182530142228183,"MGH31"
"MGH31_E09",2.43036390706428,0.327809632985717,-0.0971771604743974,0.163837218981552,-0.221415593996779,0.154755535489624,"MGH31"
"MGH31_E12",-3.08969870918883,-16.1971336361243,0.0451730144135734,-0.0369584524251657,-0.148603715779224,0.140389153790816,"MGH31"
"MGH31_F02",4.41138611304952,-13.8001439590982,-0.0960828254361832,0.0847793871646609,-0.185956820856198,0.197260259127721,"MGH31"
"MGH31_F03",-2.06977982738485,-0.846788827096121,0.155535254948335,-0.0826080177902148,-0.071296688198382,-0.00163054895973835,"MGH31"
"MGH31_F04",-3.65364963004692,-1.49712036909195,-0.0189611312661639,-0.0694045355355962,-0.114009474954664,0.202375141756424,"MGH31"
"MGH31_F06",-3.15416787111016,-1.10879589320691,0.117932828345458,-0.104438159994729,-0.124780945885266,0.111286277534537,"MGH31"
"MGH31_F07",-3.26337409467192,-2.5851678152997,-0.0424919422466979,-0.0610506071879395,-0.0519759765977115,0.155518526032349,"MGH31"
"MGH31_F08",-3.3949073633246,-1.71583464033082,-0.0189611312661639,-0.0694045355355962,-0.114009474954664,0.202375141756424,"MGH31"
"MGH31_F09",-1.91431292658893,-3.38627340172388,-0.0784929760050294,-0.0169783325215985,-0.0390951246463578,0.134566433172986,"MGH31"
"MGH31_F10",2.64215425768427,-0.163979319805855,-0.106484882477863,0.200459205033329,-0.199020881642406,0.105046559086941,"MGH31"
"MGH31_F11",3.63297691357964,-4.10629253593376,-0.0214804467526032,-0.143823220800417,0.142661118306535,0.0226425492464848,"MGH31"
"MGH31_F12",0.0130368338080919,-3.28258674952123,-0.0933869746787133,0.0235286053294406,-0.085340252894723,0.155198622243996,"MGH31"
"MGH31_G01",-3.32071278032386,-3.97064996473977,0.0545131094878362,-0.0708802767264736,-0.0647688092136175,0.0811359764522548,"MGH31"
"MGH31_G02",-2.48480777266961,0.754973029642002,0.0226666800143989,-0.0661415950346038,-0.0599261664744902,0.103401081494695,"MGH31"
"MGH31_G05",4.45836113524386,-4.91641809225691,-0.0214804467526032,-0.143823220800417,0.142661118306535,0.0226425492464848,"MGH31"
"MGH31_G07",-0.776903283787193,-2.52106940675881,-0.053508943407365,-0.0057883295984863,-0.061336565155612,0.120633838161463,"MGH31"
"MGH31_G09",-3.90747322921396,-3.70058227043,4.36356820450179e-05,-0.0330891151342613,-0.0604923113406571,0.0935377907928734,"MGH31"
"MGH31_G12",-1.76179484157198,-2.38846322744891,-0.0262410026127855,-0.0416079913445024,-0.0202546221650381,0.0881036161223261,"MGH31"
"MGH31_H01",2.0595010796623,-5.36209957898735,-0.134092120225851,-0.0587426376489071,-0.199619263626428,0.392454021501187,"MGH31"
"MGH31_H02",1.89007928995303,-6.25424400247285,-0.158397821326947,-0.0713187598888805,-0.23225576715861,0.461972348374437,"MGH31"
"MGH31_H04",-4.02484649432707,-5.75033852931005,-0.0421610839042125,-0.137223444602304,-0.09542780589014,0.274812334396657,"MGH31"
"MGH31_H05",0.460610652172103,1.79498716522399,0.0491566358190945,-0.0432536605183065,-0.0741448229629934,0.0682418476622053,"MGH31"
"MGH31_H06",-1.08937398958067,-3.52737636224524,-0.103442683159425,0.0201525519611565,-0.0793094086512039,0.162599539849473,"MGH31"
"MGH31_H07",2.35448356131511,-0.248416481612557,-0.107955403488413,0.10609445816316,-0.198157921090908,0.200018866416162,"MGH31"
"MGH31_H08",-0.077761827566453,-0.155539477444691,0.00433970387213911,-0.0129744338096581,-0.0773656727662259,0.0860004027037449,"MGH31"
"MGH31_H09",-1.09111027062353,-1.77683331165253,-0.053508943407365,-0.0057883295984863,-0.061336565155612,0.120633838161463,"MGH31"
"MGH31_H10",-0.376325987891201,-0.470716662455054,0.00433970387213911,-0.0129744338096581,-0.0773656727662259,0.0860004027037449,"MGH31"
"MGH31_H11",3.06845296238244,-4.84763313104741,-0.00279819890699928,-0.112522063877461,-0.108194262301221,0.223514525085681,"MGH31"
"MGH31_H12",-2.83851943949299,-3.81569492781819,0.0264165041983437,-0.0611810973670033,-0.0728537518987677,0.107618345067427,"MGH31"
